position0,position1,position2,position3,position4,position5,position6,torque0,torque1,torque2,torque3,torque4,torque5,torque6,tactile0,tactile1,tactile2,tactile3,tactile4,tactile5,tactile6,tactile7,tactile8,tactile9,tactile10,tactile11,image0,image1,image2,image3,image4,image5,image6,image7,image8,image9,image10,image11,image12,image13,image14,image15,image16,image17,image18,image19
0.172260351646,0.523340624471,-0.0274507565999,-0.44299006667,0.0443150005389,0.0497006238383,0.659757500078,0.771771403721,0.696910920577,-0.390600003004,0.523151985168,0.10859999299,-0.0180000016093,0.12342000246,-0.9,-0.894193548476,-0.894193548476,-0.894193548476,-0.894193548476,-0.870967742801,-0.88258064501,-0.876774193905,-0.9,-0.88258064501,-0.9,-0.9,0.16495424509,-0.127676904202,-0.305384624004,0.130830216408,0.0662039995193,0.322578656673,-0.10315335989,0.0941105604172,-0.073492205143,-0.282286244631,0.00456640720367,-0.0687113821506,0.283788657188,0.13310033083,-0.102613592148,-0.218122011423,-0.101988691092,0.304335558414,-0.0920855462551,0.0108468532562
0.172260351646,0.523340624471,-0.0274507565999,-0.44299006667,0.0443204568983,0.0497006238383,0.659757500078,0.77022857666,0.695634540211,-0.390600003004,0.522239982605,0.0977399969101,-0.00900000080466,0.12342000246,-0.9,-0.894193548476,-0.888387096953,-0.894193548476,-0.894193548476,-0.870967742801,-0.88258064501,-0.88258064501,-0.9,-0.88258064501,-0.9,-0.9,0.165177512169,-0.124424189329,-0.306987673044,0.129498231411,0.0638184428215,0.321419620514,-0.104014778137,0.0945641756058,-0.0704424798489,-0.282534563541,0.00806711912155,-0.0679534971714,0.281513929367,0.134641420841,-0.0994557201862,-0.219031441212,-0.10179900527,0.305066621304,-0.0914781868458,0.00989563465118
0.172260351646,0.52332656956,-0.0274507565999,-0.44299006667,0.0443150005389,0.0497006238383,0.659757500078,0.77022857666,0.695634540211,-0.38952000618,0.524063987732,0.0977399969101,-0.0180000016093,0.12342000246,-0.894193548476,-0.9,-0.894193548476,-0.894193548476,-0.894193548476,-0.870967742801,-0.88258064501,-0.876774193905,-0.9,-0.876774193905,-0.9,-0.9,0.164013004303,-0.122622174025,-0.307604902983,0.130088961124,0.0605892777443,0.327554476261,-0.103691089153,0.0952752828598,-0.070684415102,-0.279565626383,0.00442800521851,-0.0684276580811,0.278030920029,0.133551156521,-0.101828563213,-0.215260523558,-0.101817190647,0.307658278942,-0.0909545123577,0.00723949670792
