position0,position1,position2,position3,position4,position5,position6,torque0,torque1,torque2,torque3,torque4,torque5,torque6,tactile0,tactile1,tactile2,tactile3,tactile4,tactile5,tactile6,tactile7,tactile8,tactile9,tactile10,tactile11,image0,image1,image2,image3,image4,image5,image6,image7,image8,image9,image10,image11,image12,image13,image14,image15,image16,image17,image18,image19
0.139399066001,0.428980356658,-0.061375595392,-0.129314479136,0.20028744064,-0.00360067917865,-0.272912075821,0.649885613578,0.6835090984,-0.378720005751,0.268703990936,0.1194599998,-0.0180000016093,0.168300011158,-0.9,-0.9,-0.88258064501,-0.888387096953,-0.9,-0.888387096953,-0.888387096953,-0.888387096953,-0.894193548476,-0.88258064501,-0.888387096953,-0.894193548476,-0.0310897529125,-0.0528352797031,-0.0643825113773,0.0830190896988,0.00419883728027,0.00629535913467,0.00326414108276,0.0986409187317,0.00516518354416,0.00619611740112,-0.0998348236084,-0.164429605007,-0.134671461582,0.342273795605,-0.289612644911,-0.266339385509,-0.331393951178,0.214893436432,-0.000720173120499,0.111489236355
0.160512107781,0.41938962394,-0.0838521600451,0.0398006124052,0.134188552204,0.0149653236536,0.17921878937,0.4426285335,0.680318194303,-0.379800002575,0.00878399848938,0.0,-0.108000004292,0.100979998112,-0.9,-0.9,-0.88258064501,-0.894193548476,-0.9,-0.88258064501,-0.888387096953,-0.888387096953,-0.88258064501,-0.88258064501,-0.888387096953,-0.888387096953,-0.156972849369,-0.23147302866,-0.302253198624,0.293559730053,0.23275898695,0.382431721687,0.126451456547,-0.344220113754,-0.409148830175,-0.250315064192,-0.12675229311,0.0447249770164,-0.0167415440083,0.272476708889,-0.373252344131,0.309446239471,-0.0203772783279,0.205405390263,0.0142044425011,-0.489125999808
0.147182154287,0.394639383164,-0.0813105264857,0.0239858121537,0.146013153892,-0.0104982307815,0.247664431258,0.457028552464,0.677765464783,-0.318240001202,0.0835680027008,0.0868800008297,-0.09,0.112200000286,-0.9,-0.9,-0.88258064501,-0.888387096953,-0.9,-0.888387096953,-0.888387096953,-0.888387096953,-0.88258064501,-0.88258064501,-0.888387096953,-0.894193548476,-0.0820921719074,-0.332651692629,-0.353003060818,0.357154476643,-0.169568932056,0.507322454453,0.264350259304,-0.109572046995,-0.171059972048,-0.205277073383,-0.372964757681,-0.0877466440201,0.254179537296,0.299910449982,-0.0925542354584,-0.0776613771915,-0.108080470562,0.1025218606,-0.384575182199,-0.339124721289
